{ "links": [
	{"source": "Sterling Archer", "target": "Flight attendant", "type": "hookup", "episode": "S01E01","comment":""},
	{"source": "Sterling Archer", "target": "Lana Kang", "type": "relationship", "episode": "S01E01","comment":""},
	{"source": "Cyril Figgis", "target": "Lana Kang", "type": "relationship", "episode": "S01E01","comment":""},
	{"source": "Sterling Archer", "target": "Cheryl Tunt", "type": "hookup", "episode": "S01E01","comment":""},
	{"source": "Malory Archer", "target": "Nikolai Jakov", "type": "relationship", "episode": "S01E01","comment":""},
	{"source": "Algernop Krieger", "target": "Break room food", "type": "molested", "episode": "S01E01","comment":"molested"},
	{"source": "Sterling Archer", "target": "Trinette McGoon", "type": "hookup", "episode": "S01E02","comment":""},
	{"source": "Cheryl Tunt", "target": "Conway Stern", "type": "hookup", "episode": "S01E03","comment":""},
	{"source": "Sterling Archer", "target": "Conway Stern", "type": "accidental penis contact", "episode": "S01E03","comment":"accidental penis contact"},
	{"source": "Mannfred", "target": "Uta", "type": "relationship", "episode": "S01E04","comment":""},
	{"source": "Sterling Archer", "target": "Pita", "type": "hookup", "episode": "S01E06","comment":""},
	{"source": "Sterling Archer", "target": "Spirodon Skorpio", "type": "hookup", "episode": "S01E06","comment":""},
	{"source": "Lana Kang", "target": "Spirodon Skorpio", "type": "hookup", "episode": "S01E06","comment":""},
	{"source": "Cheryl Tunt", "target": "Cyril Figgis", "type": "hookup", "episode": "S01E06","comment":""},
	{"source": "Malory Archer", "target": "Len Trexler", "type": "relationship", "episode": "S01E08","comment":"engaged"},
	{"source": "Lana Kang", "target": "Barry Dylan", "type": "hookup", "episode": "S01E09","comment":""},
	{"source": "Sterling Archer", "target": "Framboise", "type": "hookup", "episode": "S01E09","comment":""},
	{"source": "Barry Dylan", "target": "Framboise", "type": "relationship", "episode": "S01E09","comment":"engaged to be engaged"},
	{"source": "Cyril Figgis", "target": "Framboise", "type": "hookup", "episode": "S01E09","comment":""},
	{"source": "Sterling Archer", "target": "Brazilian au pair", "type": "hookup", "episode": "S01E10","comment":""},
	{"source": "Cheryl Tunt", "target": "Algernop Krieger", "type": "relationship", "episode": "S01E10","comment":""},
	{"source": "Cheryl Tunt", "target": "Chokebot", "type": "choking", "episode": "S01E10","comment":"choking"},
	{"source": "Malory Archer", "target": "Buddy Rich", "type": "hookup", "episode": "S01E10","comment":""},
	{"source": "Cyril Figgis", "target": "Scatterbrain Jane", "type": "hookup", "episode": "S01E10","comment":""},
	{"source": "Cyril Figgis", "target": "Malory Archer", "type": "hookup", "episode": "S01E10","comment":""},
	{"source": "Lana Kang", "target": "Pam Poovey", "type": "hookup", "episode": "S01E10","comment":""},
	{"source": "Malory Archer", "target": "Pam Poovey", "type": "hookup", "episode": "S02E01","comment":""},
	{"source": "Malory Archer", "target": "Conrad Schlotz", "type": "hookup", "episode": "S02E01","comment":""},
	{"source": "Pam Poovey", "target": "Conrad Schlotz", "type": "hookup", "episode": "S02E01","comment":""},
	{"source": "Ray Gillette", "target": "Lesbian", "type": "relationship", "episode": "S02E02","comment":"married for two years"},
	{"source": "Lana Kang", "target": "Cheryl Tunt", "type": "beating", "episode": "S02E03","comment":"beating"},
	{"source": "Cyril Figgis", "target": "Trinette McGoon", "type": "hookup", "episode": "S02E03","comment":""},
	{"source": "Pam Poovey", "target": "Cyril Figgis", "type": "molested", "episode": "S02E03","comment":"molested"},
	{"source": "Ray Gillette", "target": "Cyril Figgis", "type": "molested", "episode": "S02E03","comment":"molested"},
	{"source": "Lana Kang", "target": "Joshua Gray", "type": "relationship", "episode": "S02E04","comment":""},
	{"source": "Ninja twins", "target": "Cyril Figgis", "type": "hookup", "episode": "S02E06","comment":"handjob"},
	{"source": "Algernop Krieger", "target": "Virtual girlfriend", "type": "relationship", "episode": "S02E06","comment":"engaged"},
	{"source": "Sterling Archer", "target": "Rita", "type": "hookup", "episode": "S02E08","comment":""},
	{"source": "Malory Archer", "target": "Franny Delaney", "type": "hookup", "episode": "S02E09","comment":""},
	{"source": "Sterling Archer", "target": "Snorkel girl", "type": "hookup", "episode": "S02E11","comment":""},
	{"source": "Malory Archer", "target": "Gay Duke", "type": "hookup", "episode": "S02E11","comment":""},
	{"source": "Chokebot", "target": "Gang members", "type": "fist bumps", "episode": "S02E11","comment":"fist bumps"},
	{"source": "Pam Poovey", "target": "Gang members", "type": "hookup", "episode": "S02E11","comment":"blowjobs"},
	{"source": "Sterling Archer", "target": "Katya Kazanova", "type": "relationship", "episode": "S02E13","comment":"engaged"},
	{"source": "Malory Archer", "target": "Rip Riley", "type": "hookup", "episode": "S03E01","comment":""},
	{"source": "Sterling Archer", "target": "Newlywed", "type": "hookup", "episode": "S03E01","comment":""},
	{"source": "Sterling Archer", "target": "Pirate girls", "type": "hookup", "episode": "S03E02","comment":""},
	{"source": "Malory Archer", "target": "Burt Reynolds", "type": "relationship", "episode": "S03E07","comment":""},
	{"source": "Malory Archer", "target": "Savio Mascalzoni", "type": "hookup", "episode": "S03E08","comment":""},
	{"source": "Cheryl Tunt", "target": "Randy Gillette", "type": "hookup", "episode": "S03E09","comment":""},
	{"source": "Ray Gillette", "target": "Cheryl Tunt", "type": "fake marriage", "episode": "S03E09","comment":"fake marriage"},
	{"source": "Sterling Archer", "target": "Pam Poovey", "type": "hookup", "episode": "S03E10","comment":""},
	{"source": "Cheryl Tunt", "target": "Barry Dylan", "type": "choking", "episode": "S03E10","comment":"choking"},
	{"source": "Sterling Archer", "target": "Vacuum cleaner", "type": "molested", "episode": "S03E11","comment":"molested"},
	{"source": "Katya Kazanova", "target": "Barry Dylan", "type": "relationship", "episode": "S03E11","comment":""},
	{"source": "Sterling Archer", "target": "Linda Belcher", "type": "married", "episode": "S04E01","comment":"married"},
	{"source": "Malory Archer", "target": "Ron Cadillac", "type": "married", "episode": "S04E01","comment":"married"},
	{"source": "Lucas Troy", "target": "Sterling Archer", "type": "molested", "episode": "S04E02","comment":"molested"},
	{"source": "Pam Poovey", "target": "Ray Gillette", "type": "molested", "episode": "S04E05","comment":"molested"},
	{"source": "Cheryl Tunt", "target": "Rodney Whosits", "type": "hookup", "episode": "S04E07","comment":"handjob"},
	{"source": "Pam Poovey", "target": "Jorge", "type": "molested", "episode": "S04E08","comment":"molested"},
	{"source": "Sterling Archer", "target": "Mercedes Moreno", "type": "blowjob solicited", "episode": "S04E08","comment":"blowjob solicited"},
	{"source": "Cecil Tunt", "target": "Tiffy", "type": "relationship", "episode": "S04E12","comment":""},
	{"source": "Pam Poovey", "target": "Yakuza members", "type": "hookup", "episode": "S05E03","comment":""},
	{"source": "Pam Poovey", "target": "Truckers", "type": "hookup", "episode": "S05E05","comment":"blowjobs"},
	{"source": "Sterling Archer", "target": "La Madrina", "type": "hookup", "episode": "S05E07","comment":""},
	{"source": "Sterling Archer", "target": "Juliana Calderon", "type": "hookup", "episode": "S05E10","comment":""},
	{"source": "Gustavo Calderon", "target": "Juliana Calderon", "type": "married", "episode": "S05E10","comment":"married"},
	{"source": "Gustavos Father", "target": "Juliana Calderon", "type": "married", "episode": "S05E11","comment":"married"},
	{"source": "Gustavo Calderon", "target": "Cheryl Tunt", "type": "unconsummated marriage", "episode": "S05E11","comment":"unconsummated marriage"},
	{"source": "Cyril Figgis", "target": "Juliana Calderon", "type": "unconsummated marriage", "episode": "S05E12","comment":"unconsummated marriage"},
	{"source": "San Marcos Army Officer", "target": "Juliana Calderon", "type": "hookup", "episode": "S05E13","comment":""}
    ]
}